id,获赞数,评论数,分享数,上架时间
110,392,31,41,2020-04-21 17:49:54
109,8374,462,880,2020-04-17 15:15:06
108,23000,1079,3235,2020-04-14 18:21:31
107,15000,1437,2461,2020-04-13 18:22:22
106,5401,147,342,2020-04-09 18:44:04
105,23000,1043,2858,2020-04-05 18:56:34
104,8933,527,650,2020-03-31 18:28:47
103,75000,4296,14000,2020-03-29 19:23:05
102,56000,2384,6676,2020-03-28 19:35:27
101,116000,6423,20000,2020-03-02 18:18:26
100,359000,20000,40000,2020-02-28 18:27:17
99,54000,2371,6459,2020-02-25 18:15:32
98,97000,5604,16000,2020-02-21 18:47:50
97,51000,3711,7503,2020-02-20 18:37:47
96,48000,2689,5535,2020-02-17 17:59:02
95,59000,3140,12000,2020-02-14 18:13:59
94,59000,4548,10000,2020-02-11 18:08:52
93,46000,2050,4874,2020-02-08 20:26:15
92,83000,5597,12000,2020-02-07 18:24:38
91,48000,2036,7390,2020-02-06 18:37:40
90,59000,2698,8425,2020-02-03 18:07:55
89,104000,4130,9343,2020-02-01 18:08:35
88,8228,258,62,2020-01-29 22:24:42
87,80000,3585,14000,2020-01-27 18:54:36
86,61000,2416,7449,2020-01-27 18:51:28
85,54000,1995,6711,2020-01-22 18:46:17
84,45000,1854,4883,2020-01-22 18:45:31
83,270000,16000,27000,2020-01-21 13:55:03
82,38000,1704,6338,2020-01-20 18:45:55
81,42000,1831,4177,2020-01-19 18:30:46
80,43000,2263,6734,2020-01-17 18:35:54
79,61000,2606,7932,2020-01-15 19:10:20
78,13000,852,4368,2020-01-14 15:24:46
77,57000,3269,9388,2020-01-10 20:24:15
76,10000,248,477,2020-01-08 16:14:35
75,48000,1828,6864,2020-01-07 18:17:20
74,46000,1444,8337,2020-01-03 19:11:41
73,194000,7655,23000,2020-01-02 18:30:46
72,69000,2624,7292,2019-12-31 18:56:21
71,144000,5328,25000,2019-12-29 18:07:52
70,42000,1462,4042,2019-12-27 18:20:52
69,111000,2641,11000,2019-12-26 18:18:56
68,78000,3167,12000,2019-12-20 18:55:56
67,119000,4391,16000,2019-12-18 18:23:35
66,108000,4614,19000,2019-12-16 18:51:46
65,120000,4762,29000,2019-12-07 18:38:31
64,67000,4090,14000,2019-12-06 18:23:20
63,58000,2430,7916,2019-12-03 18:59:21
62,266000,16000,55000,2019-11-29 18:50:06
61,98000,4584,19000,2019-11-28 18:40:26
60,74000,2364,7711,2019-11-27 18:07:26
59,51000,1919,8650,2019-11-25 18:40:06
58,157000,7183,22000,2019-11-23 19:29:51
57,322000,19000,69000,2019-11-19 18:19:11
56,108000,6457,14000,2019-11-17 19:33:24
55,208000,10000,47000,2019-11-15 18:52:42
54,237000,11000,43000,2019-11-13 18:27:58
53,200000,9933,50000,2019-11-11 18:06:39
52,243000,7561,11000,2019-11-09 21:16:38
51,102000,5234,16000,2019-11-05 18:21:28
50,104000,4095,12000,2019-11-02 19:48:23
49,158000,9293,44000,2019-11-01 19:07:31
48,763000,34000,107000,2019-10-31 22:31:55
47,62000,1734,3976,2019-10-29 18:59:12
46,81000,3845,14000,2019-10-26 18:31:09
45,313000,14000,55000,2019-10-26 09:30:16
44,117000,6010,23000,2019-10-24 18:42:31
43,122000,4588,15000,2019-10-22 18:40:51
42,58000,2494,4472,2019-10-20 18:13:30
41,157000,9164,36000,2019-10-18 18:35:42
40,48000,2578,8960,2019-10-16 18:35:32
39,1133000,52000,171000,2020-01-01 12:00:00
38,49000,1996,5860,2020-01-01 12:00:00
37,72000,2700,10000,2020-01-01 12:00:00
36,112000,8834,16000,2020-01-01 12:00:00
35,41000,2541,9699,2020-01-01 12:00:00
34,76000,4847,15000,2020-01-01 12:00:00
33,130000,3000,6904,2020-01-01 12:00:00
32,60000,2315,10000,2020-01-01 12:00:00
31,78000,648,2161,2020-01-01 12:00:00
30,41000,531,3353,2020-01-01 12:00:00
29,145000,4767,17000,2020-01-01 12:00:00
28,36000,1669,5671,2020-01-01 12:00:00
27,54000,2116,4647,2020-01-01 12:00:00
26,63000,3010,9188,2020-01-01 12:00:00
25,51000,2834,8059,2020-01-01 12:00:00
24,149000,4289,16000,2020-01-01 12:00:00
23,74000,3501,7852,2020-01-01 12:00:00
22,665000,34000,90000,2020-01-01 12:00:00
21,63000,2309,2760,2020-01-01 12:00:00
20,88000,3126,6209,2020-01-01 12:00:00
19,38000,1991,2630,2020-01-01 12:00:00
18,115000,4875,11000,2020-01-01 12:00:00
17,37000,2125,4386,2020-01-01 12:00:00
16,31000,1322,1567,2020-01-01 12:00:00
15,112000,4378,12000,2020-01-01 12:00:00
14,72000,3163,4405,2020-01-01 12:00:00
13,487000,26000,80000,2020-01-01 12:00:00
12,38000,1197,2171,2020-01-01 12:00:00
11,405000,17000,39000,2020-01-01 12:00:00
10,407000,16000,54000,2020-01-01 12:00:00
9,505000,25000,44000,2020-01-01 12:00:00
8,241000,10000,16000,2020-01-01 12:00:00
7,1285000,49000,111000,2020-01-01 12:00:00
6,73000,2325,8061,2020-01-01 12:00:00
5,72000,3442,11000,2020-01-01 12:00:00
4,30000,1318,2598,2020-01-01 12:00:00
3,163000,5490,17000,2020-01-01 12:00:00
2,40000,1414,2601,2020-01-01 12:00:00
1,437000,15000,59000,2020-01-01 12:00:00
